CREATE SEQUENCE auto_id_post;
CREATE SEQUENCE auto_id_users;

CREATE TABLE public.post
(
    id bigint DEFAULT nextval('auto_id_post'::regclass) PRIMARY KEY NOT NULL,
    name varchar(255) NOT NULL,
    description varchar(2048) NOT NULL,
    image varchar(255) NOT NULL,
    author bigint NOT NULL,
    available boolean,
    tag varchar(255),
    date_upload timestamp,
    date_update timestamp,
    text varchar(2048),
    CONSTRAINT post_user_fk FOREIGN KEY (author) REFERENCES public."user" (id)
);
INSERT INTO public.post (id, name, description, image, author, available, tag, date_upload, date_update, text) VALUES (62, 'ПОЇЗДКА ДО САН-ФРАНЦИСКО: УСІ НЮАНСИ', 'Марина Гриценко — організатор подорожей до Америки та автор проекту про Нью-Йорк і США Columbus-Chocolate. Для TRIPMYDREAM Марина підготувала вельми корисний матеріал про поїздку до Сан-Франциско, заснований на особистому досвіді.', 'dbd02932-7208-48ed-8a37-38c4c0cb215c.a49bb422fd.jpg', 15, true, 'Сан-Франциско', '2018-07-11 13:35:45.426000', '2018-07-13 11:41:50.800000', '	
— Бери з собою теплі речі, у Каліфорнії найближчими днями має похолодати, — лякала мене подруга з Лос-Анджелеса, з якою ми разом вирішили здійснити подорож до Сан-Франциско.

— Лізо, я з України! Повір мені, у вересні в Каліфорнії я точно не замерзну! Знала б ти, які у нас зими.

У той час я ще не знала відповіді на питання: «Чому в американських фільмах, де дія відбувається в теплій сонячній Каліфорнії, люди ходять у шапках і куртках?» А причиною всьому вітер, який навіть при +25°С пронизує твоє тіло до кісток і змушує здійснювати абсолютно незаплановану покупку у вигляді осіннього пальто!

І якшо цей матеріал я почала з повчальної історії, то відразу перейду до порад, які стануть у пригоді вам у подорожі до Сан-Франциско:

Беріть із собою теплі речі. Навіть улітку!
Цей пункт для дівчат — мінімум взуття на підборах. Тому що вулиці Сан-Франциско в багатьох місцях настільки круті, що ходити на підборах ними просто неможливо.
Подумайте, як продовжити свою подорож! Сан-Франциско — дуже багатогранне місто, але вам з головою на нього вистачить 2-3 дні. Вивчіть карту, почитайте інформацію в Інтернеті — ви знайдете безліч місць, куди було б теж цікаво відправитися. Я рекомендую взяти напрокат машину і поїхати до Лос-Анджелеса, а по дорозі заїхати до парку Йосеміті або парку «Секвойя».');
INSERT INTO public.post (id, name, description, image, author, available, tag, date_upload, date_update, text) VALUES (60, 'ПЕРЕЇЗД ДО ЧЕХІЇ: УСІ НЮАНСИ', 'В останні роки все більш популярною стає тенденція не просто їздити на відпочинок за кордон, а подовгу жити в іншій країні. TRIPMYDREAM продовжує серію публікацій про імміграцію і на цей раз розповість про Чехію — один з найбільш популярних напрямків для подорожей і переїздів.', '4a0f4b73-600b-4630-8c09-52edc5b9f51a.0D947FC4-FA51-4ECF-A64C-75074523FB5A_w1023_r1_s.jpg', 15, true, 'Ч', '2018-07-10 14:00:14.677000', '2018-07-14 16:14:27.422000', 'ЧЧЧЧЧ');
INSERT INTO public.post (id, name, description, image, author, available, tag, date_upload, date_update, text) VALUES (68, 'ЕДИНБУРГ І ГЛАЗГО: KEEP CALM AND DRINK WHISKEY!', 'Волинки, віскі та Лох-неське чудовисько — такою знають Шотландію у всьому світі. А як насправді? Ми в TRIPMYDREAM все дізналися та поспішаємо повідомити: Шотландія набагато крутіша!', 'f3b52617-8ce6-40de-a309-2a5c9f9b6b57.simple_big_84959.jpg', 62, true, 'Единбург', '2018-07-13 13:35:34.297000', '2018-07-13 13:35:34.297000', 'елику Британію більшість людей асоціює лише з Англією, списуючи з рахунків інші частини Сполученого Королівства. Шотландія — найколоритніша та найкрасивіша область на півночі Великої Британії. Волинки, чоловіки в спідницях, які п''ють ель або віскі; озера, вкриті густим туманом, в одному з яких зачаїлося Лох-неське чудовисько. Ми перевірили все це на прикладі двох найбільших міст країни — Единбурга та Глазго.

Единбург

Единбург закохує в себе з перших секунд і залишається в серці назавжди. Перше слово, яке спадає на думку, дивлячись на столицю Шотландії, — «колорит». Тут він проявляється в усьому: звідусіль линуть звуки волинки, погода змінюється що п''ять хвилин, а середньовічна архітектура вражає уяву. Ходімо дивитися!

Королівська миля

Единбург, як і багато старих міст, зібрав майже всі визначні пам''ятки в центрі міста. Тому почати огляд столиці Шотландії варто з Королівської милі — головної вулиці міста. Називається вона так, тому що шотландські монархи проходили тут рівно милю до собору на службу. Всього миля, але скільки ж красивого навколо! Більшість будівель у центрі Единбурга збереглася ще з часів заснування міста. Тому, гуляючи Королівською милею, часом забуваєш, що на дворі XXI століття.');
INSERT INTO public.post (id, name, description, image, author, available, tag, date_upload, date_update, text) VALUES (69, 'БАЛТІЙСЬКА ', 'Якщо у Вас обмежений час і бюджет, а бажання подорожувати залишилося, немає нічого кращого, ніж відправитися в Балтійське турне! П''ять чудових країн, п''ять незабутніх мікросвітів, п''ять нових відкриттів!', 'bf5b4fdf-a9e0-49ee-97e2-0c435be223cf.block_860.jpg', 62, true, 'Балтика', '2018-07-13 13:38:14.461000', '2018-07-13 13:38:36.675000', 'Балтійське море прекрасне в будь-яку пору року: взимку можна насолодитися суворою природою Куршської коси або новорічними ярмарками в Гданську; влітку — маленькими та затишними Клайпедою, Ригою або Таллінном. Тому незалежно від часу вашої відпустки сміливо купуйте квиток — на вас чекає захопливе балтійське турне!

Починайте подорож або з Гданська, або з Таллінна. За 7-10 днів цілком реально підкорити всі п''ять країн нашого маршруту, можна розбивати його на комфортні відрізки по 250 км на день або перельоти тривалістю не більше 1 години. Міста на маршруті добре сполучені між собою як наземним, так і повітряним транспортом, а іноді навіть і морським!

*Пересування між містами маршруту найкраще здійснювати автобусами через доступні ціни, недовгі переїзди (3-4 години) та велику кількість рейсів. Існує також залізничне сполучення, але потяги ходять між містами не у всі сезони і значно повільніші, ніж автобуси. Під час розпродажів можна придбати квитки на автобуси між точками маршруту від €1!

Авіаквитки Київ-Гданськ за найвигіднішою ціною — від €33 в одну сторону.

Середній бюджет на двох (включаючи переліт, проживання, переїзди і харчування) на 7 днів — €700-750.
');
INSERT INTO public.post (id, name, description, image, author, available, tag, date_upload, date_update, text) VALUES (67, 'МУЗЕЙНО-КУЛЬТУРНИЙ МАРШРУТ АМСТЕРДАМОМ', 'Пропонуємо вам влаштувати собі одноденний тур творчими центрами Амстердама. TRIPMYDREAM вже навіть проклав вдалий маршрут! Для того щоб почати культурну подорож з низького старту, рекомендуємо вибрати один із готелів неподалік від Музейної площі, адже саме навколо неї зосереджені найкращі музеї та арт-галереї міста. Наприклад, добротний Apollo Museumhotel. І першим пунктом нашого маршруту заслуговує стати найбільший і найпопулярніший Рейксмузеум.', '133a60b7-2f87-4359-addb-2e5cc2d76996.default_89461.jpg', 62, true, 'Амстердам', '2018-07-13 13:32:04.284000', '2018-07-13 13:39:45.249000', '1. Рейксмузеум
Тут ви зможете побачити оригінали полотен таких голландських майстрів, як Хальс, Стен і, звичайно ж, Рембрандт. Вінцем експозиції музею є «Зал слави» з його легендарним полотном «Нічна варта».

Амстердам - Автор фото pour maman
Крім того, тут ви зможете знайти казковий зал із крихітними будиночками, виготовленими реалістично і продуманими до дрібниць — це місце обов''язково викличе захват не тільки у дорослих відвідувачів, але й у їхніх маленьких супутників. Не менш вражає і сама будівля, в якій розташувалися колекції, виконана в стилі голландського нео-Ренесансу. При вході в музей не забудьте прихопити безкоштовний буклет, за допомогою якого ви зможете краще орієнтуватися в розташуванні виставкових залів.');
INSERT INTO public.post (id, name, description, image, author, available, tag, date_upload, date_update, text) VALUES (70, 'ПОДОРОЖ ІЗ ТВАРИНАМИ: УСІ ПРАВИЛА І НЮАНСИ', 'ПОДОРОЖ ІЗ ТВАРИНАМИ: УСІ ПРАВИЛА І НЮАНСИ  ЛАЙФХАК Для багатьох людей авіаподорож — це стрес, що вже говорити про братів наших менших. Але все ж іноді доводиться брати в поїздки своїх домашніх вихованців, і про їхнє перевезення потрібно подбати заздалегідь. TRIPMYDREAM продовжує серію прикладних матеріалів і розповідає про правила та нюанси подорожі з тваринами на літаку.', '4777fb7f-fa9b-4c32-9b52-de454d28cf56.block_268.jpg', 15, true, 'Тварини', '2018-07-13 13:51:56.274000', '2018-07-16 12:04:21.624000', 'Отже, якщо збираєтеся їхати з твариною до іншої країни, вам обов''язково потрібно:

Зателефонувати в авіакомпанію, попередити про перевезення тварини й уточнити всі нюанси: ціну перевезення, вимоги до кліток, час реєстрації тощо.
Зателефонувати в посольство або консульство країни й уточнити, які документи потрібні для ввезення конкретно вашої тварини і які щеплення потрібно зробити перед поїздкою.
Ці деталі дуже різняться залежно від перевізника і країни призначення. Тож не полінуйтеся й уточніть усе за півтора-два місяці до поїздки.

Для перевезення тварин до ближнього зарубіжжя і країн СНД достатньо при собі мати:

Паспорт тварини міжнародного зразка.
Ветеринарне свідоцтво №1, яке можна отримати тільки в державних ветлікарнях. Важливо! Свідоцтво потрібно брати не раніше ніж за три дні до від''їзду.
Довідку про зроблене щеплення від сказу (не раніше ніж за три тижні і не пізніше ніж за 11 місяців до поїздки).
Для перевезення тварин до країн Євросоюзу діють дещо інші правила, причому чітко регламентовані:

Собаки, коти і тхори повинні обов''язково бути «чипованими», тобто з імплантованими під холку електронними чипами. На цьому носії міститься докладна інформація про тварину, інформація про стан її здоров''я і наявність щеплень, а також ім''я, прізвище, адреса і телефон господаря. Чипувати тварин можна в будь-якій великій ветклініці. Коштує це близько €10-25.
Паспорт тварини міжнародного зразка.
Ветеринарне свідоцтво №1, яке можна отримати тільки в державних ветлікарнях. Важливо! Свідоцтво потрібно брати не раніше ніж за три дні до від''їзду.
');
INSERT INTO public.post (id, name, description, image, author, available, tag, date_upload, date_update, text) VALUES (73, 'sadsdsad', 'sadasdsad', 'balloon.jpg', 15, true, 'sadsadsad', '2018-07-16 13:48:10.679000', '2018-07-16 13:48:10.679000', 'sadasdsadsad');
CREATE TABLE public."user"
(
    id bigint DEFAULT nextval('auto_id_users'::regclass) PRIMARY KEY NOT NULL,
    password varchar(255) NOT NULL,
    username varchar(255) NOT NULL,
    is_baned boolean
);
INSERT INTO public."user" (id, password, username, is_baned) VALUES (15, '21232f297a57a5a743894a0e4a801fc3', 'admin', false);
INSERT INTO public."user" (id, password, username, is_baned) VALUES (62, '1c13157778d7fe827c72762ea32574a6', 'vadykMg', false);
INSERT INTO public."user" (id, password, username, is_baned) VALUES (61, '1c13157778d7fe827c72762ea32574a6', 'admin1', false);
INSERT INTO public."user" (id, password, username, is_baned) VALUES (63, '1c13157778d7fe827c72762ea32574a6', 'Vaska', true);
CREATE TABLE public.user_role
(
    user_id bigint NOT NULL,
    roles varchar(255),
    CONSTRAINT user_role_user_fk FOREIGN KEY (user_id) REFERENCES public."user" (id)
);
INSERT INTO public.user_role (user_id, roles) VALUES (62, 'USER');
INSERT INTO public.user_role (user_id, roles) VALUES (61, 'USER');
INSERT INTO public.user_role (user_id, roles) VALUES (63, 'USER');
INSERT INTO public.user_role (user_id, roles) VALUES (15, 'USER');
INSERT INTO public.user_role (user_id, roles) VALUES (15, 'ADMIN');